 ROA(C) before interest and depreciation before interest, ROA(A) before interest and % after tax, ROA(B) before interest and depreciation after tax
0.401745234729196,0.442269952027911,0.44857861769902
0.409203919465705,0.46091365023986,0.453503934900155
0.532394091551699,0.580680331443524,0.57428127844103
0.497733144834983,0.562309201918884,0.553616360618877
0.471993370058012,0.536851286524204,0.524974570373146
